integraRental,beachy
395,SWBSA- HWY 395 Access
ANDALUSIA,SWBSA- Andalusia Access
AZALEA,SWBSA- Azalea Access
BLUE MOUNTAIN,SWBSA- Blue Mountain Access
CAMELIA,SWBSA- Camelia Access
DOGWOOD/THYME,SWBSA- Dogwood Access
DOTHAN,SWBSA- Dothan Access
DUNE ALLEN REGIONAL,SWBSA- Dune Allen
ED WALLINE,SWBSA- Ed Walline
FORT PANIC,SWBSA- Ft Panic
GARDENIA,SWBSA- Gardenia Access
GRAYTON BEACH,SWBSA- Grayton Beach Access
GREENWOOD,SWBSA- Greenwood Access
GULFVIEW HEIGHTS,SWBSA- Gulfview Heights Access
HICKORY,SWBSA- Hickory Street Access
HOLLY,SWBSA- Holly Access
INLET BEACH,SWBSA- Inlet Beach Access
LIVEOAK,SWBSA- Liveoak Access
NIGHTCAP,SWBSA- Nightcap Street Access
ONE SEAGROVE PLACE,SWBSA- One Seagrove Place Access-
SANTA CLARA BRAMBLE,SWBSA- Santa Clara/ Bramble Access
SCENIC GULF DRIVE,SWBSA- Scenic Gulf Drive
SHELLSEEKERS COVE,SWBSA- Shellseekers
SPOOKY LANE,SWBSA- Spooky Lane Access
VAN NESS BUTLER,SWBSA- Van Ness Bulter Access
WALL STREET,SWBSA- Wall Street Access
WALTON DUNES,SWBSA- Walton Dunes Access
WALTON LAKESHORE,SWBSA- Walton Lakeshore Access
WEST ALLEN LOOP,Placeholder